{"cameraMode":{"drawMode":0,"name":"Shaded","section":"Shading Mode"},"sceneLighting":false,"audioPlay":false,"sceneViewState":{"showFog":true,"showMaterialUpdate":false,"showSkybox":false,"showFlares":true,"showImageEffects":true,"showParticleSystems":true},"in2DMode":false,"pivot":{"x":0.6000000238418579,"y":0.5811898708343506,"z":0.6299999952316284},"rotation":{"x":-0.29509973526000979,"y":0.400505930185318,"z":-0.13796985149383546,"w":-0.8564522862434387},"size":1.525869369506836,"orthographic":false}