{"cameraMode":{"drawMode":0,"name":"Shaded","section":"Shading Mode"},"sceneLighting":false,"audioPlay":false,"sceneViewState":{"showFog":true,"showMaterialUpdate":false,"showSkybox":false,"showFlares":true,"showImageEffects":true,"showParticleSystems":true},"in2DMode":false,"pivot":{"x":0.9486279487609863,"y":0.7654513120651245,"z":-8.713382720947266},"rotation":{"x":-0.10107669979333878,"y":0.89198237657547,"z":-0.24716083705425263,"w":-0.3647773563861847},"size":1.9050965309143067,"orthographic":false}