{"cameraMode":{"drawMode":0,"name":"Shaded","section":"Shading Mode"},"sceneLighting":false,"audioPlay":false,"sceneViewState":{"showFog":true,"showMaterialUpdate":false,"showSkybox":false,"showFlares":true,"showImageEffects":true,"showParticleSystems":true},"in2DMode":false,"pivot":{"x":-37.57242202758789,"y":1.6185743808746338,"z":-2.1847922801971437},"rotation":{"x":-0.1391090601682663,"y":0.8500170707702637,"z":-0.42518091201782229,"w":-0.27810555696487429},"size":0.5156499147415161,"orthographic":false}