{"cameraMode":{"drawMode":0,"name":"Shaded","section":"Shading Mode"},"sceneLighting":false,"audioPlay":false,"sceneViewState":{"showFog":true,"showMaterialUpdate":false,"showSkybox":false,"showFlares":true,"showImageEffects":true,"showParticleSystems":true},"in2DMode":false,"pivot":{"x":-37.565982818603519,"y":1.6095483303070069,"z":-2.1716368198394777},"rotation":{"x":-0.1732044667005539,"y":0.8180258274078369,"z":-0.44828054308891299,"w":-0.31605657935142519},"size":0.5607904195785523,"orthographic":false}