{"cameraMode":{"drawMode":0,"name":"Shaded","section":"Shading Mode"},"sceneLighting":false,"audioPlay":false,"sceneViewState":{"showFog":true,"showMaterialUpdate":false,"showSkybox":false,"showFlares":true,"showImageEffects":true,"showParticleSystems":true},"in2DMode":false,"pivot":{"x":6.411560535430908,"y":3.5166516304016115,"z":-32.451602935791019},"rotation":{"x":-0.29509973526000979,"y":0.400505930185318,"z":-0.13796985149383546,"w":-0.8564522862434387},"size":1.3548738956451417,"orthographic":false}