{"cameraMode":{"drawMode":0,"name":"Shaded","section":"Shading Mode"},"sceneLighting":false,"audioPlay":false,"sceneViewState":{"showFog":true,"showMaterialUpdate":false,"showSkybox":false,"showFlares":true,"showImageEffects":true,"showParticleSystems":true},"in2DMode":false,"pivot":{"x":-37.565982818603519,"y":1.6095483303070069,"z":-2.1716368198394777},"rotation":{"x":-0.2987871766090393,"y":0.6414870023727417,"z":-0.29950106143951418,"w":-0.639948844909668},"size":0.5607904195785523,"orthographic":false}