{"cameraMode":{"drawMode":0,"name":"Shaded","section":"Shading Mode"},"sceneLighting":false,"audioPlay":false,"sceneViewState":{"showFog":true,"showMaterialUpdate":false,"showSkybox":true,"showFlares":true,"showImageEffects":true,"showParticleSystems":true},"in2DMode":false,"pivot":{"x":-2.501277208328247,"y":11.372907638549805,"z":-3.082180976867676},"rotation":{"x":-0.43199360370635989,"y":-0.2887594401836395,"z":0.14827744662761689,"w":-0.8414573073387146},"size":-0.8926050066947937,"orthographic":false}