{"cameraMode":{"drawMode":0,"name":"Shaded","section":"Shading Mode"},"sceneLighting":false,"audioPlay":false,"sceneViewState":{"showFog":true,"showMaterialUpdate":false,"showSkybox":false,"showFlares":true,"showImageEffects":true,"showParticleSystems":true},"in2DMode":false,"pivot":{"x":-37.565982818603519,"y":1.6095483303070069,"z":-2.1716368198394777},"rotation":{"x":0.2950037717819214,"y":0.4781533181667328,"z":-0.17444387078285218,"w":0.8086574673652649},"size":0.5607904195785523,"orthographic":false}