{"cameraMode":{"drawMode":0,"name":"Shaded","section":"Shading Mode"},"sceneLighting":false,"audioPlay":false,"sceneViewState":{"showFog":true,"showMaterialUpdate":false,"showSkybox":false,"showFlares":true,"showImageEffects":true,"showParticleSystems":true},"in2DMode":false,"pivot":{"x":-4.707590579986572,"y":-3.0241682529449465,"z":5.239680767059326},"rotation":{"x":-0.6511637568473816,"y":0.16876347362995149,"z":-0.1516997516155243,"w":-0.7242433428764343},"size":3.4494404792785646,"orthographic":false}