{"cameraMode":{"drawMode":0,"name":"Shaded","section":"Shading Mode"},"sceneLighting":false,"audioPlay":false,"sceneViewState":{"showFog":true,"showMaterialUpdate":false,"showSkybox":false,"showFlares":true,"showImageEffects":true,"showParticleSystems":true},"in2DMode":false,"pivot":{"x":-2.450000047683716,"y":1.0900455713272095,"z":2.759999990463257},"rotation":{"x":-0.10107669979333878,"y":0.89198237657547,"z":-0.24716083705425263,"w":-0.3647773563861847},"size":1.525869369506836,"orthographic":false}